{
    "__comment": "Made with TheDestruc7i0n's advancements generator: https://advancements.thedestruc7i0n.ca",
    "display": {
        "title": {
            "text": "Horse Reset",
            "color": "gold"
        },
        "description": {
            "text": "Reset custom horse advancement"
        },
        "icon": {
            "item": "minecraft:horse_spawn_egg"
        },
        "frame": "task",
        "show_toast": false,
        "announce_to_chat": false,
        "hidden": true,
        "background": "minecraft:textures/gui/advancements/backgrounds/stone.png"
    },
    "criteria": {
        "OPHorse": {
            "trigger": "minecraft:inventory_changed",
            "conditions": {
                "items": [
                    {
                        "item": "minecraft:petrified_oak_slab"
                    }
                ]
            }
        }
    },
    "rewards": {
        "function": "layan:horsereset"
    }
}